,index,X
0,1,0.0
1,2,664.0000000000001
2,3,620.0000000000002
3,4,871.0000000000005
4,5,2899.0
5,6,609.0000000000002
6,7,4461.000000000001
7,8,5272.000000000001
