,index,X
0,1,0.0
1,2,442.6666666666668
2,3,413.33333333333354
3,4,580.6666666666671
4,5,1932.666666666667
5,6,406.00000000000017
6,7,2974.000000000001
7,8,3514.666666666668
