,index,X
0,1,0.0
1,2,792.0
2,3,3023.9999999999995
3,4,1430.0
4,5,1085.9999999999998
5,6,3468.0
6,7,4502.0
7,8,11524.0
