,index,holgura
0,1,0.0
1,2,-829.0
2,3,-435.0
3,4,-1305.0
4,5,-1715.9999999999998
5,6,-3113.000000000001
6,7,-827.0
7,8,-7231.0
