,index,holgura
0,1,0.0
1,2,-121.0
2,3,-57.0
3,4,-57.0
4,5,-32.999999999999986
5,6,-2.0000000000000133
6,7,-4939.000000000003
7,8,-10181.000000000015
