,index,X
0,1,0.0
1,2,291.0
2,3,1807.0
3,4,1260.0
4,5,2272.0000000000005
5,6,312.0
6,7,3002.0000054545453
7,8,6452.000000000001
