,index,X
0,1,0.0
1,2,211.3333333333333
2,3,416.00000000000006
3,4,288.6666666666667
4,5,553.3333333333334
5,6,404.6666666666667
6,7,3467.333333333334
7,8,4922.666666666667
