,index,X
0,1,0.0
1,2,1217.0
2,3,1102.0
3,4,1182.0000000000005
4,5,2053.0
5,6,1216.0
6,7,2918.0
7,8,5708.000000000001
