,index,holgura
0,1,0.0
1,2,-749.0000000000002
2,3,-1604.0
3,4,-1174.0
4,5,-1546.0000000000011
5,6,-1203.0
6,7,-4438.000000000001
7,8,-10062.000000000002
