,index,holgura
0,1,0.0
1,2,-1.1368683772161603e-13
2,3,0.0
3,4,0.0
4,5,-2.2737367544323206e-13
5,6,0.0
6,7,0.0
7,8,0.0
