,index,X
0,1,0.0
1,2,2065.0
2,3,33.0
3,4,53.999999999999986
4,5,33.000000000000014
5,6,2.0000000000000018
6,7,3497.0000000000005
7,8,9712.0
