,index,X
0,1,0.0
1,2,99.99999999999407
2,3,8.0
3,4,3124.0000000000064
4,5,27.0
5,6,33.0
6,7,2576.0
7,8,9528.0
