,index,X
0,1,0.0
1,2,0.0
2,3,0.0
3,4,2082.666666666671
4,5,0.0
5,6,0.0
6,7,1717.3333333333342
7,8,6352.000000000001
