,index,holgura
0,1,0.0
1,2,-316.9999999999999
2,3,-624.0
3,4,-433.0
4,5,-829.9999999999999
5,6,-607.0
6,7,-5201.0
7,8,-7384.0
