,index,holgura
0,1,0.0
1,2,-5.684341886080802e-14
2,3,0.0
3,4,0.0
4,5,1.1368683772161603e-13
5,6,0.0
6,7,0.0
7,8,0.0
