,index,holgura
0,1,0.0
1,2,-1376.6666666666667
2,3,0.0
3,4,0.0
4,5,0.0
5,6,0.0
6,7,-2331.333333333335
7,8,-6474.666666666667
