,index,holgura
0,1,0.0
1,2,-1226.6666666666674
2,3,0.0
3,4,-523.3333333333337
4,5,0.0
5,6,0.0
6,7,-2940.000000000004
7,8,-5541.333333333334
