,index,holgura
0,1,0.0
1,2,-1840.0
2,3,-2.0000000000000253
3,4,-785.0000000000001
4,5,-33.0
5,6,-2.000000000000001
6,7,-4410.000000000005
7,8,-8312.0
