,index,holgura
0,1,0.0
1,2,-6.821210263296962e-13
2,3,1.3333333333333504
3,4,-2.2737367544323206e-13
4,5,22.000000000000004
5,6,1.3333333333333341
6,7,-9.094947017729282e-13
7,8,0.0
