,index,holgura
0,1,-2.220446049250313e-16
1,2,0.0
2,3,-1.1102230246251565e-16
3,4,0.0
4,5,-5.963375688933509e-13
5,6,0.0
6,7,0.0
7,8,-96.0
