,index,X
0,1,0.0
1,2,882.0000000000001
2,3,1266.0
3,4,796.0000000000005
4,5,1150.0000000000005
5,6,495.9999999999999
6,7,5185.999999999997
7,8,5620.000000000003
