,index,X
0,1,0.0
1,2,588.0000000000001
2,3,844.0000000000001
3,4,530.6666666666671
4,5,766.6666666666671
5,6,330.66666666666663
6,7,3457.333333333332
7,8,3746.666666666669
