,index,holgura
0,1,0.0
1,2,-724.0000000000002
2,3,-937.0
3,4,-752.0000000000005
4,5,-2665.0
5,6,-753.8181818181815
6,7,-2855.181818181827
7,8,-6709.0
