,index,holgura
0,1,0.0
1,2,-668.0
2,3,-391.0
3,4,-620.0
4,5,-1269.9999999999998
5,6,-3876.0
6,7,-1241.0000000000002
7,8,-7390.0
