,index,X
0,1,0.0
1,2,815.0
2,3,2376.0
3,4,1397.9999999999998
4,5,927.0000000000006
5,6,510.0000000000007
6,7,4228.0
7,8,5142.000000000002
