,index,X
0,1,0.0
1,2,543.3333333333334
2,3,1584.0000000000002
3,4,932.0
4,5,618.0000000000005
5,6,340.0000000000005
6,7,2818.666666666667
7,8,3428.000000000002
