,index,X
0,1,0.0
1,2,530.0000000000001
2,3,922.6666666666667
3,4,261.33333333333337
4,5,1247.333333333329
5,6,1329.3333333333378
6,7,826.6666666666667
7,8,5186.666666666667
