,index,holgura
0,1,0.0
1,2,-823.0
2,3,-905.0
3,4,-1108.0
4,5,-481.9999999999999
5,6,-752.0
6,7,-6090.0
7,8,-5235.999999999999
