,index,holgura
0,1,0.0
1,2,-795.0
2,3,-1384.0
3,4,-392.0
4,5,-1870.9999999999932
5,6,-1994.0000000000066
6,7,-1240.0
7,8,-7780.0
