,index,holgura
0,1,0.0
1,2,-707.9999999999889
2,3,-924.1333333333378
3,4,-1172.1333333333187
4,5,-1979.0
5,6,-369.99999999996413
6,7,-2352.0000000000036
7,8,-7890.733333333352
