,index,holgura
0,1,0.0
1,2,-515.3333333333334
2,3,-538.0000000000001
3,4,-984.6666666666667
4,5,-1429.3333333333335
5,6,-746.0000000000001
6,7,-1779.3333333333335
7,8,-4271.333333333334
