,index,holgura
0,1,0.0
1,2,-1.1368683772161603e-13
2,3,0.0
3,4,2.2737367544323206e-13
4,5,0.0
5,6,5.684341886080802e-14
6,7,0.0
7,8,0.0
