,index,holgura
0,1,0.0
1,2,0.0
2,3,22.000000000000004
3,4,35.99999999999999
4,5,22.00000000000001
5,6,1.3333333333333346
6,7,-9.094947017729282e-13
7,8,0.0
