,index,X
0,1,0.0
1,2,761.0
2,3,113.99999999999949
3,4,117.99999999999999
4,5,2304.0000000000014
5,6,1683.0
6,7,1433.0
7,8,8983.0
