,index,X
0,1,0.0
1,2,507.3333333333334
2,3,75.99999999999967
3,4,78.66666666666667
4,5,1536.0000000000011
5,6,1122.0000000000002
6,7,955.3333333333336
7,8,5988.666666666667
