,index,X
0,1,0.0
1,2,548.6666666666667
2,3,603.3333333333334
3,4,738.6666666666667
4,5,321.3333333333333
5,6,501.33333333333337
6,7,4060.0000000000005
7,8,3490.6666666666665
