,index,holgura
0,1,0.0
1,2,-2139.999999999988
2,3,-598.0
3,4,-917.0000000000008
4,5,-4652.0
5,6,-1910.0
6,7,-11691.000000000011
7,8,-9628.000000000002
