,index,X
0,1,0.0
1,2,466.66666666666674
2,3,878.6666666666667
3,4,848.0000000000003
4,5,1329.3333333333335
5,6,267.33333333333337
6,7,2323.3333333333335
7,8,4150.666666666667
