,index,X
0,1,0.0
1,2,552.6666666666667
2,3,290.00000000000006
3,4,870.0000000000001
4,5,1144.0
5,6,2075.3333333333344
6,7,551.3333333333334
7,8,4820.666666666667
