,index,X
0,1,0.0
1,2,414.6666666666667
2,3,412.00000000000006
3,4,3589.333333333334
