,index,holgura
0,1,0.0
1,2,0.0
2,3,0.0
3,4,0.0
4,5,0.0
5,6,0.0
6,7,4.547473508864641e-13
7,8,9.094947017729282e-13
