,index,X
0,1,0.0
1,2,1224.0
2,3,878.0
3,4,250.00000000000006
4,5,3747.9999999999995
5,6,756.0000000000006
6,7,2257.9999999999995
7,8,6282.000000000002
