,index,X
0,1,0.0
1,2,445.33333333333337
2,3,260.6666666666667
3,4,413.33333333333337
4,5,846.6666666666666
5,6,2584.0000000000005
6,7,827.3333333333336
7,8,4926.666666666667
