,index,holgura
0,1,0.0
1,2,-1.1368683772161603e-13
2,3,-2.842170943040401e-14
3,4,0.0
4,5,-4.547473508864641e-13
5,6,0.0
6,7,-4.547473508864641e-13
7,8,0.0
